{
    "variants": {
        "facing=south,lighting=true": { "model": "cocricotmod:booklamp", "y": 180 },
        "facing=west,lighting=true": { "model": "cocricotmod:booklamp", "y": 270 },
        "facing=north,lighting=true": { "model": "cocricotmod:booklamp"},
        "facing=east,lighting=true": { "model": "cocricotmod:booklamp", "y": 90 },
        "facing=south,lighting=false": { "model": "cocricotmod:booklamp_false", "y": 180  },
        "facing=west,lighting=false": { "model": "cocricotmod:booklamp_false", "y": 270 },
        "facing=north,lighting=false": { "model": "cocricotmod:booklamp_false" },
        "facing=east,lighting=false": { "model": "cocricotmod:booklamp_false", "y": 90 }
    }
}
